{
	"drinks": [
		{
			"drinkId": 0,
			"drinkName": "Coffe",
			"products": [
				{
					"productId": 0,
					"productName": "Bru Coffe"
				},
				{
					"productId": 1,
					"productName": "Nescafe Coffe"
				},
				{
					"productId": 2,
					"productName": "Filter Coffe"
				},
				{
					"productId": 3,
					"productName": "Black Coffe"
				},
				{
					"productId": 4,
					"productName": "Bournvita Coffe"
				}
			]
		},
		{
		"drinkId": 1,
			"drinkName": "Tea",
			"products": [
				{
					"productId": 0,
					"productName": "Normal Tea"
				},
				{
					"productId": 1,
					"productName": "Lemon Tea"
				},
				{
					"productId": 2,
					"productName": "Ginger Tea"
				},
				{
					"productId": 3,
					"productName": "Black Tea"
				},
				{
					"productId": 4,
					"productName": "Masala Tea"
				}
			]
		}
	]
}